[
    {
        "id" : 1,
        "title" : "What is error first callback?",
        "description" : "Error-first callbacks have error as first parameter.",
        "options" : [
            { 
                "id" : "1", 
                "value" : "Yes"
            },
            { 
                "id" : "2", 
                "value" : "No"
            }
        ]
    },
    {
        "id" : 2,
        "title" : "Can Typescript be used for NodeJs",
        "description" : "Typescript can be used in NodeJs development",
        "options" : [
            { 
                "id" : "1", 
                "value" : "Yes"
            },
            { 
                "id" : "2", 
                "value" : "No"
            },
            { 
                "id" : "3", 
                "value" : "Sometimes"
            }
        ]
    },
    {
        "id" : 3,
        "title" : "What tool you can use to convert docker-compose file to generate Kuberneties .yaml files?",
        "description" : "Docker-compose simplifies deploying/running multiple containers. Kuberneties has no support to convert",
        "options" : [
            { 
                "id" : "1", 
                "value" : "Yes"
            },
            { 
                "id" : "2", 
                "value" : "Not sure"
            },
            { 
                "id" : "3", 
                "value" : "kompose works"
            }
        ]
    },
    {
        "id" : 4,
        "title" : "What REPL?",
        "description" : "REPL: Read Eval Print Loop",
        "options" : [
            { 
                "id" : "1", 
                "value" : "Somewhat ok"
            },
            { 
                "id" : "2", 
                "value" : "Yes"
            },
            { 
                "id" : "3", 
                "value" : "No"
            }
        ]
    },
    {
        "id" : 5,
        "title" : "What are pure functional components in React?",
        "description" : "React component built with function is called pure functional components",
        "options" : [
            { 
                "id" : "1", 
                "value" : "Yes"
            },
            { 
                "id" : "2", 
                "value" : "No"
            }
        ]
    }

]